-- MySQL dump 10.13  Distrib 5.5.31, for debian-linux-gnu (x86_64)
--
-- Host: localhost    Database: lr
-- ------------------------------------------------------
-- Server version	5.5.31-0ubuntu0.12.10.1

/*!40101 SET @OLD_CHARACTER_SET_CLIENT=@@CHARACTER_SET_CLIENT */;
/*!40101 SET @OLD_CHARACTER_SET_RESULTS=@@CHARACTER_SET_RESULTS */;
/*!40101 SET @OLD_COLLATION_CONNECTION=@@COLLATION_CONNECTION */;
/*!40101 SET NAMES utf8 */;
/*!40103 SET @OLD_TIME_ZONE=@@TIME_ZONE */;
/*!40103 SET TIME_ZONE='+00:00' */;
/*!40014 SET @OLD_UNIQUE_CHECKS=@@UNIQUE_CHECKS, UNIQUE_CHECKS=0 */;
/*!40014 SET @OLD_FOREIGN_KEY_CHECKS=@@FOREIGN_KEY_CHECKS, FOREIGN_KEY_CHECKS=0 */;
/*!40101 SET @OLD_SQL_MODE=@@SQL_MODE, SQL_MODE='NO_AUTO_VALUE_ON_ZERO' */;
/*!40111 SET @OLD_SQL_NOTES=@@SQL_NOTES, SQL_NOTES=0 */;

--
-- Table structure for table `item`
--

DROP TABLE IF EXISTS `item`;
/*!40101 SET @saved_cs_client     = @@character_set_client */;
/*!40101 SET character_set_client = utf8 */;
CREATE TABLE `item` (
  `item_id` int(11) NOT NULL AUTO_INCREMENT,
  `item_nome` varchar(200) NOT NULL,
  `item_quantidade` int(11) NOT NULL,
  `leilao_numero` int(11) NOT NULL,
  `item_descricao` longtext,
  PRIMARY KEY (`item_id`)
) ENGINE=InnoDB AUTO_INCREMENT=81 DEFAULT CHARSET=latin1;
/*!40101 SET character_set_client = @saved_cs_client */;

--
-- Dumping data for table `item`
--

LOCK TABLES `item` WRITE;
/*!40000 ALTER TABLE `item` DISABLE KEYS */;
INSERT INTO `item` VALUES (1,'Produto 1',1,1,NULL),(2,'Produto 2',2,2,NULL),(3,'Produto 3',3,3,NULL),(4,'Produto 10',1,4,NULL),(5,'produto 1',2,5,NULL),(6,'produto 2',2,6,NULL),(7,'Produto 6',2,7,NULL),(8,'Computador',1,8,NULL),(9,'produto 2',2,9,NULL),(10,'produto 1',1,9,NULL),(11,'PRODUTO 2',2,10,NULL),(12,'Novo produto 2',10,11,NULL),(13,'Novo produto',2,11,NULL),(14,'',0,12,NULL),(15,'',0,12,NULL),(16,'',0,13,NULL),(17,'',0,13,NULL),(18,'Produto 3',3,14,NULL),(19,'Produto 2',2,14,NULL),(20,'Produto 1',1,14,NULL),(21,'',0,15,NULL),(22,'',0,15,NULL),(23,'Produto 3',3,16,NULL),(24,'Produto 2',2,16,NULL),(25,'Produto 2',2,17,NULL),(26,'Produto 1',1,17,NULL),(27,'Produto 4',4,18,NULL),(28,'Produto 3',3,18,NULL),(29,'Produto 2',2,18,NULL),(30,'Produto 1',1,18,NULL),(31,'saffsd',1,19,NULL),(32,'Produto 3',3,20,NULL),(33,'Produto 2',2,20,NULL),(34,'Produto 1',1,20,NULL),(35,'Produto 3',3,21,NULL),(36,'Produto 2',2,21,NULL),(37,'Produto 1',1,21,NULL),(38,'Produto 1',1,22,NULL),(39,'Produto 2',2,23,NULL),(40,'Produto 1',1,23,NULL),(41,'adfsafd',2,24,NULL),(42,'idfjsfd1',1,24,NULL),(43,'Produto 1',1,25,NULL),(44,'proud',1,26,NULL),(45,'',0,27,NULL),(46,'',0,27,NULL),(47,'',0,27,NULL),(48,'Produto 3',3,28,NULL),(49,'Produto 2',2,28,NULL),(50,'Produto 1',1,28,NULL),(51,'Produto 2',2,29,NULL),(52,'Produto 1',1,29,NULL),(53,'Produto 2',2,30,NULL),(54,'Produto 1',1,30,NULL),(55,'Produto 4',4,31,NULL),(56,'Produto 3',3,31,NULL),(57,'Produto 2',2,31,NULL),(58,'Produto 1',1,31,NULL),(59,'Produto 2',2,32,NULL),(60,'Produto 1',1,32,NULL),(61,'produto 1',1,33,NULL),(62,'Produto 2',2,34,NULL),(63,'Produto 1',1,34,NULL),(64,'Produto 2',2,35,NULL),(65,'Produto 1',1,35,NULL),(66,'sfaf',1,36,NULL),(67,'afsaff',1,38,NULL),(68,'asfafasdf',1,39,NULL),(69,'asfafaf',1,39,NULL),(70,'sfafa',1,40,'sfsad'),(71,'Produto 2',2,41,'sdfsdfasdfasdfasd\n\ndfasdfasdfasdfdasfasdfadfasdfasdf'),(72,'Produto 1',1,41,NULL),(73,'Produto 2',22,42,NULL),(74,'Produto 1',12,42,NULL),(75,'Produto 2',2,43,'sfdaafsdasfafsdasdffasf\nasdfasdfsdafasdfsdaf'),(76,'Produto 1',12,43,'sadfasdfasdfasdf\nsaf\nasfasdfasdfasdfa'),(77,'Produto 2',2,44,NULL),(78,'Produto 1',2,44,NULL),(79,'Produto 2',2,45,NULL),(80,'Produto 1',2,45,NULL);
/*!40000 ALTER TABLE `item` ENABLE KEYS */;
UNLOCK TABLES;

--
-- Table structure for table `itemorcamento`
--

DROP TABLE IF EXISTS `itemorcamento`;
/*!40101 SET @saved_cs_client     = @@character_set_client */;
/*!40101 SET character_set_client = utf8 */;
CREATE TABLE `itemorcamento` (
  `itemorcamento_id` int(11) NOT NULL AUTO_INCREMENT,
  `itemorcamento_valortotal` decimal(10,2) DEFAULT NULL,
  `orcamento_numero` int(11) NOT NULL,
  `item_id` int(11) NOT NULL,
  `itemorcamento_data` datetime NOT NULL,
  PRIMARY KEY (`itemorcamento_id`)
) ENGINE=InnoDB AUTO_INCREMENT=387 DEFAULT CHARSET=latin1;
/*!40101 SET character_set_client = @saved_cs_client */;

--
-- Dumping data for table `itemorcamento`
--

LOCK TABLES `itemorcamento` WRITE;
/*!40000 ALTER TABLE `itemorcamento` DISABLE KEYS */;
INSERT INTO `itemorcamento` VALUES (1,739.44,1,11,'2013-05-26 21:34:32'),(2,674.70,2,11,'2013-05-26 21:34:32'),(3,301.36,3,11,'2013-05-26 21:34:32'),(4,429.44,4,11,'2013-05-26 21:34:32'),(5,482.84,5,11,'2013-05-26 21:34:32'),(6,244.38,6,11,'2013-05-26 21:34:32'),(7,470.76,7,11,'2013-05-26 21:34:32'),(8,247.96,8,11,'2013-05-26 21:34:32'),(9,619.42,9,11,'2013-05-26 21:34:32'),(10,731.20,10,11,'2013-05-26 21:34:32'),(11,515.60,11,13,'2013-05-26 21:36:21'),(12,3833.40,11,12,'2013-05-26 21:36:21'),(13,361.26,12,13,'2013-05-26 21:36:21'),(14,1095.10,12,12,'2013-05-26 21:36:21'),(15,664.32,13,13,'2013-05-26 21:36:21'),(16,2386.00,13,12,'2013-05-26 21:36:21'),(17,540.22,14,13,'2013-05-26 21:36:21'),(18,2751.40,14,12,'2013-05-26 21:36:21'),(19,531.52,15,13,'2013-05-26 21:36:21'),(20,2996.20,15,12,'2013-05-26 21:36:21'),(21,451.78,16,13,'2013-05-26 21:36:21'),(22,2147.20,16,12,'2013-05-26 21:36:21'),(23,371.96,17,13,'2013-05-26 21:36:21'),(24,1505.70,17,12,'2013-05-26 21:36:21'),(25,222.74,18,13,'2013-05-26 21:36:21'),(26,1681.70,18,12,'2013-05-26 21:36:21'),(27,702.32,19,13,'2013-05-26 21:36:21'),(28,1860.90,19,12,'2013-05-26 21:36:21'),(29,443.22,20,13,'2013-05-26 21:36:21'),(30,1402.60,20,12,'2013-05-26 21:36:21'),(31,0.00,21,14,'2013-05-26 21:56:37'),(32,0.00,21,15,'2013-05-26 21:56:37'),(33,0.00,22,14,'2013-05-26 21:56:37'),(34,0.00,22,15,'2013-05-26 21:56:37'),(35,0.00,23,14,'2013-05-26 21:56:37'),(36,0.00,23,15,'2013-05-26 21:56:37'),(37,0.00,24,14,'2013-05-26 21:56:37'),(38,0.00,24,15,'2013-05-26 21:56:37'),(39,0.00,25,14,'2013-05-26 21:56:37'),(40,0.00,25,15,'2013-05-26 21:56:37'),(41,0.00,26,14,'2013-05-26 21:56:37'),(42,0.00,26,15,'2013-05-26 21:56:37'),(43,0.00,27,14,'2013-05-26 21:56:37'),(44,0.00,27,15,'2013-05-26 21:56:37'),(45,0.00,28,14,'2013-05-26 21:56:37'),(46,0.00,28,15,'2013-05-26 21:56:37'),(47,0.00,29,14,'2013-05-26 21:56:37'),(48,0.00,29,15,'2013-05-26 21:56:37'),(49,0.00,30,14,'2013-05-26 21:56:37'),(50,0.00,30,15,'2013-05-26 21:56:37'),(51,0.00,31,16,'2013-05-26 22:00:29'),(52,0.00,31,17,'2013-05-26 22:00:29'),(53,0.00,32,16,'2013-05-26 22:00:29'),(54,0.00,32,17,'2013-05-26 22:00:29'),(55,0.00,33,16,'2013-05-26 22:00:29'),(56,0.00,33,17,'2013-05-26 22:00:29'),(57,0.00,34,16,'2013-05-26 22:00:29'),(58,0.00,34,17,'2013-05-26 22:00:29'),(59,0.00,35,16,'2013-05-26 22:00:29'),(60,0.00,35,17,'2013-05-26 22:00:29'),(61,0.00,36,16,'2013-05-26 22:00:29'),(62,0.00,36,17,'2013-05-26 22:00:29'),(63,0.00,37,16,'2013-05-26 22:00:29'),(64,0.00,37,17,'2013-05-26 22:00:29'),(65,0.00,38,16,'2013-05-26 22:00:29'),(66,0.00,38,17,'2013-05-26 22:00:29'),(67,0.00,39,16,'2013-05-26 22:00:29'),(68,0.00,39,17,'2013-05-26 22:00:29'),(69,0.00,40,16,'2013-05-26 22:00:29'),(70,0.00,40,17,'2013-05-26 22:00:29'),(71,218.38,41,20,'2013-05-26 22:17:24'),(72,646.40,41,19,'2013-05-26 22:17:24'),(73,1025.73,41,18,'2013-05-26 22:17:24'),(74,350.27,42,20,'2013-05-26 22:17:24'),(75,706.76,42,19,'2013-05-26 22:17:24'),(76,1042.71,42,18,'2013-05-26 22:17:24'),(77,379.28,43,20,'2013-05-26 22:17:24'),(78,528.50,43,19,'2013-05-26 22:17:24'),(79,1122.45,43,18,'2013-05-26 22:17:24'),(80,114.37,44,20,'2013-05-26 22:17:24'),(81,671.50,44,19,'2013-05-26 22:17:24'),(82,483.45,44,18,'2013-05-26 22:17:24'),(83,178.07,45,20,'2013-05-26 22:17:24'),(84,219.40,45,19,'2013-05-26 22:17:24'),(85,1110.27,45,18,'2013-05-26 22:17:24'),(86,164.47,46,20,'2013-05-26 22:17:24'),(87,729.06,46,19,'2013-05-26 22:17:24'),(88,682.56,46,18,'2013-05-26 22:17:24'),(89,290.28,47,20,'2013-05-26 22:17:24'),(90,451.96,47,19,'2013-05-26 22:17:24'),(91,590.52,47,18,'2013-05-26 22:17:24'),(92,173.89,48,20,'2013-05-26 22:17:24'),(93,775.08,48,19,'2013-05-26 22:17:24'),(94,373.17,48,18,'2013-05-26 22:17:24'),(95,352.22,49,20,'2013-05-26 22:17:24'),(96,703.76,49,19,'2013-05-26 22:17:24'),(97,425.64,49,18,'2013-05-26 22:17:24'),(98,381.66,50,20,'2013-05-26 22:17:24'),(99,365.00,50,19,'2013-05-26 22:17:24'),(100,487.62,50,18,'2013-05-26 22:17:24'),(101,210.45,51,26,'2013-05-26 22:49:49'),(102,669.28,51,25,'2013-05-26 22:49:49'),(103,261.69,52,26,'2013-05-26 22:49:49'),(104,247.70,52,25,'2013-05-26 22:49:49'),(105,200.38,53,26,'2013-05-26 22:49:49'),(106,651.16,53,25,'2013-05-26 22:49:49'),(107,279.32,54,26,'2013-05-26 22:49:49'),(108,245.86,54,25,'2013-05-26 22:49:49'),(109,234.06,55,26,'2013-05-26 22:49:49'),(110,416.66,55,25,'2013-05-26 22:49:49'),(111,242.30,56,26,'2013-05-26 22:49:49'),(112,435.84,56,25,'2013-05-26 22:49:49'),(113,194.50,57,26,'2013-05-26 22:49:49'),(114,404.94,57,25,'2013-05-26 22:49:49'),(115,130.20,58,26,'2013-05-26 22:49:49'),(116,246.78,58,25,'2013-05-26 22:49:49'),(117,240.83,59,26,'2013-05-26 22:49:49'),(118,463.42,59,25,'2013-05-26 22:49:49'),(119,139.33,60,26,'2013-05-26 22:49:49'),(120,764.32,60,25,'2013-05-26 22:49:49'),(121,153.78,61,50,'2013-05-28 15:15:23'),(122,574.64,61,49,'2013-05-28 15:15:23'),(123,717.93,61,48,'2013-05-28 15:15:23'),(124,211.13,62,50,'2013-05-28 15:15:23'),(125,746.16,62,49,'2013-05-28 15:15:23'),(126,768.48,62,48,'2013-05-28 15:15:23'),(127,230.63,63,50,'2013-05-28 15:15:23'),(128,238.46,63,49,'2013-05-28 15:15:24'),(129,673.35,63,48,'2013-05-28 15:15:24'),(130,320.13,64,50,'2013-05-28 15:15:24'),(131,465.44,64,49,'2013-05-28 15:15:24'),(132,540.48,64,48,'2013-05-28 15:15:24'),(133,360.98,65,50,'2013-05-28 15:15:24'),(134,592.46,65,49,'2013-05-28 15:15:24'),(135,962.52,65,48,'2013-05-28 15:15:24'),(136,185.34,66,50,'2013-05-28 15:15:24'),(137,339.14,66,49,'2013-05-28 15:15:24'),(138,901.53,66,48,'2013-05-28 15:15:24'),(139,393.92,67,50,'2013-05-28 15:15:24'),(140,783.96,67,49,'2013-05-28 15:15:24'),(141,1033.20,67,48,'2013-05-28 15:15:24'),(142,210.77,68,50,'2013-05-28 15:15:24'),(143,397.64,68,49,'2013-05-28 15:15:24'),(144,664.71,68,48,'2013-05-28 15:15:24'),(145,165.52,69,50,'2013-05-28 15:15:24'),(146,249.40,69,49,'2013-05-28 15:15:24'),(147,395.85,69,48,'2013-05-28 15:15:24'),(148,150.37,70,50,'2013-05-28 15:15:24'),(149,297.08,70,49,'2013-05-28 15:15:24'),(150,1135.38,70,48,'2013-05-28 15:15:24'),(151,113.49,71,52,'2013-05-28 15:29:42'),(152,251.82,71,51,'2013-05-28 15:29:42'),(153,209.41,72,52,'2013-05-28 15:29:42'),(154,222.10,72,51,'2013-05-28 15:29:42'),(155,266.54,73,52,'2013-05-28 15:29:42'),(156,705.92,73,51,'2013-05-28 15:29:42'),(157,379.62,74,52,'2013-05-28 15:29:42'),(158,478.56,74,51,'2013-05-28 15:29:42'),(159,104.95,75,52,'2013-05-28 15:29:42'),(160,788.26,75,51,'2013-05-28 15:29:42'),(161,327.05,76,52,'2013-05-28 15:29:42'),(162,619.14,76,51,'2013-05-28 15:29:42'),(163,145.52,77,52,'2013-05-28 15:29:42'),(164,747.78,77,51,'2013-05-28 15:29:42'),(165,385.22,78,52,'2013-05-28 15:29:42'),(166,351.22,78,51,'2013-05-28 15:29:42'),(167,204.62,79,52,'2013-05-28 15:29:42'),(168,725.38,79,51,'2013-05-28 15:29:42'),(169,128.92,80,52,'2013-05-28 15:29:42'),(170,517.30,80,51,'2013-05-28 15:29:42'),(171,218.73,81,54,'2013-05-28 16:12:01'),(172,450.36,81,53,'2013-05-28 16:12:01'),(173,210.50,82,54,'2013-05-28 16:12:01'),(174,618.96,82,53,'2013-05-28 16:12:01'),(175,337.40,83,54,'2013-05-28 16:12:01'),(176,615.24,83,53,'2013-05-28 16:12:01'),(177,123.83,84,54,'2013-05-28 16:12:01'),(178,789.92,84,53,'2013-05-28 16:12:01'),(179,297.93,85,54,'2013-05-28 16:12:01'),(180,592.24,85,53,'2013-05-28 16:12:01'),(181,207.52,86,54,'2013-05-28 16:12:01'),(182,433.58,86,53,'2013-05-28 16:12:01'),(183,335.75,87,54,'2013-05-28 16:12:01'),(184,463.06,87,53,'2013-05-28 16:12:01'),(185,357.17,88,54,'2013-05-28 16:12:01'),(186,241.36,88,53,'2013-05-28 16:12:01'),(187,222.26,89,54,'2013-05-28 16:12:01'),(188,516.20,89,53,'2013-05-28 16:12:01'),(189,317.71,90,54,'2013-05-28 16:12:01'),(190,603.76,90,53,'2013-05-28 16:12:01'),(191,312.39,91,60,'2013-05-28 16:34:10'),(192,268.74,91,59,'2013-05-28 16:34:10'),(193,331.13,92,60,'2013-05-28 16:34:10'),(194,775.30,92,59,'2013-05-28 16:34:10'),(195,117.60,93,60,'2013-05-28 16:34:10'),(196,547.00,93,59,'2013-05-28 16:34:10'),(197,298.46,94,60,'2013-05-28 16:34:10'),(198,674.34,94,59,'2013-05-28 16:34:10'),(199,364.01,95,60,'2013-05-28 16:34:10'),(200,679.80,95,59,'2013-05-28 16:34:10'),(201,156.90,96,60,'2013-05-28 16:34:10'),(202,551.12,96,59,'2013-05-28 16:34:10'),(203,122.51,97,60,'2013-05-28 16:34:10'),(204,256.70,97,59,'2013-05-28 16:34:10'),(205,144.90,98,60,'2013-05-28 16:34:10'),(206,763.90,98,59,'2013-05-28 16:34:10'),(207,178.59,99,60,'2013-05-28 16:34:10'),(208,772.28,99,59,'2013-05-28 16:34:10'),(209,204.20,100,60,'2013-05-28 16:34:10'),(210,688.16,100,59,'2013-05-28 16:34:10'),(211,397.31,101,61,'2013-05-29 05:16:08'),(212,231.72,102,61,'2013-05-29 05:16:08'),(213,266.60,103,61,'2013-05-29 05:16:08'),(214,315.85,104,61,'2013-05-29 05:16:08'),(215,222.59,105,61,'2013-05-29 05:16:08'),(216,126.00,106,61,'2013-05-29 05:16:08'),(217,294.53,107,61,'2013-05-29 05:16:08'),(218,359.49,108,61,'2013-05-29 05:16:08'),(219,184.62,109,61,'2013-05-29 05:16:08'),(220,289.56,110,61,'2013-05-29 05:16:08'),(221,155.95,111,63,'2013-05-29 05:17:03'),(222,623.98,111,62,'2013-05-29 05:17:03'),(223,114.44,112,63,'2013-05-29 05:17:03'),(224,397.20,112,62,'2013-05-29 05:17:03'),(225,296.00,113,63,'2013-05-29 05:17:03'),(226,544.58,113,62,'2013-05-29 05:17:03'),(227,228.10,114,63,'2013-05-29 05:17:03'),(228,650.04,114,62,'2013-05-29 05:17:03'),(229,365.76,115,63,'2013-05-29 05:17:03'),(230,644.88,115,62,'2013-05-29 05:17:03'),(231,234.85,116,63,'2013-05-29 05:17:03'),(232,544.36,116,62,'2013-05-29 05:17:03'),(233,157.12,117,63,'2013-05-29 05:17:03'),(234,436.28,117,62,'2013-05-29 05:17:03'),(235,334.89,118,63,'2013-05-29 05:17:03'),(236,310.62,118,62,'2013-05-29 05:17:03'),(237,355.83,119,63,'2013-05-29 05:17:03'),(238,283.52,119,62,'2013-05-29 05:17:03'),(239,328.84,120,63,'2013-05-29 05:17:03'),(240,532.28,120,62,'2013-05-29 05:17:03'),(241,289.39,121,65,'2013-05-29 05:46:51'),(242,412.18,121,64,'2013-05-29 05:46:51'),(243,175.18,122,65,'2013-05-29 05:46:51'),(244,281.78,122,64,'2013-05-29 05:46:51'),(245,327.33,123,65,'2013-05-29 05:46:51'),(246,524.68,123,64,'2013-05-29 05:46:51'),(247,383.36,124,65,'2013-05-29 05:46:51'),(248,265.66,124,64,'2013-05-29 05:46:51'),(249,124.57,125,65,'2013-05-29 05:46:51'),(250,501.38,125,64,'2013-05-29 05:46:51'),(251,361.17,126,65,'2013-05-29 05:46:51'),(252,290.86,126,64,'2013-05-29 05:46:51'),(253,319.91,127,65,'2013-05-29 05:46:51'),(254,400.36,127,64,'2013-05-29 05:46:51'),(255,216.12,128,65,'2013-05-29 05:46:51'),(256,200.62,128,64,'2013-05-29 05:46:51'),(257,211.27,129,65,'2013-05-29 05:46:51'),(258,663.92,129,64,'2013-05-29 05:46:51'),(259,319.21,130,65,'2013-05-29 05:46:51'),(260,750.16,130,64,'2013-05-29 05:46:51'),(261,358.39,131,72,'2013-05-29 06:12:14'),(262,726.90,131,71,'2013-05-29 06:12:14'),(263,278.12,132,72,'2013-05-29 06:12:14'),(264,235.90,132,71,'2013-05-29 06:12:14'),(265,174.67,133,72,'2013-05-29 06:12:14'),(266,622.06,133,71,'2013-05-29 06:12:14'),(267,358.33,134,72,'2013-05-29 06:12:14'),(268,360.22,134,71,'2013-05-29 06:12:14'),(269,334.05,135,72,'2013-05-29 06:12:14'),(270,734.62,135,71,'2013-05-29 06:12:14'),(271,376.78,136,72,'2013-05-29 06:12:14'),(272,396.78,136,71,'2013-05-29 06:12:14'),(273,267.76,137,72,'2013-05-29 06:12:14'),(274,422.22,137,71,'2013-05-29 06:12:14'),(275,109.17,138,72,'2013-05-29 06:12:14'),(276,608.76,138,71,'2013-05-29 06:12:14'),(277,147.13,139,72,'2013-05-29 06:12:14'),(278,707.04,139,71,'2013-05-29 06:12:14'),(279,309.46,140,72,'2013-05-29 06:12:14'),(280,741.68,140,71,'2013-05-29 06:12:14'),(281,2248.08,141,74,'2013-05-29 06:18:06'),(282,6241.40,141,73,'2013-05-29 06:18:06'),(283,4103.40,142,74,'2013-05-29 06:18:06'),(284,4225.98,142,73,'2013-05-29 06:18:06'),(285,1303.44,143,74,'2013-05-29 06:18:06'),(286,7691.86,143,73,'2013-05-29 06:18:06'),(287,3332.76,144,74,'2013-05-29 06:18:06'),(288,4189.02,144,73,'2013-05-29 06:18:06'),(289,3255.48,145,74,'2013-05-29 06:18:06'),(290,7178.60,145,73,'2013-05-29 06:18:06'),(291,2191.80,146,74,'2013-05-29 06:18:06'),(292,4564.34,146,73,'2013-05-29 06:18:06'),(293,2984.16,147,74,'2013-05-29 06:18:06'),(294,4060.54,147,73,'2013-05-29 06:18:06'),(295,4455.00,148,74,'2013-05-29 06:18:06'),(296,6737.06,148,73,'2013-05-29 06:18:06'),(297,1363.80,149,74,'2013-05-29 06:18:06'),(298,2312.64,149,73,'2013-05-29 06:18:06'),(299,3103.08,150,74,'2013-05-29 06:18:06'),(300,3177.02,150,73,'2013-05-29 06:18:06'),(301,3106.68,151,76,'2013-05-29 06:20:44'),(302,635.82,151,75,'2013-05-29 06:20:44'),(303,2332.44,152,76,'2013-05-29 06:20:44'),(304,283.72,152,75,'2013-05-29 06:20:44'),(305,2885.04,153,76,'2013-05-29 06:20:44'),(306,557.18,153,75,'2013-05-29 06:20:44'),(307,4180.08,154,76,'2013-05-29 06:20:44'),(308,607.82,154,75,'2013-05-29 06:20:44'),(309,2323.08,155,76,'2013-05-29 06:20:44'),(310,412.28,155,75,'2013-05-29 06:20:44'),(311,1521.12,156,76,'2013-05-29 06:20:44'),(312,568.98,156,75,'2013-05-29 06:20:44'),(313,2156.04,157,76,'2013-05-29 06:20:44'),(314,724.86,157,75,'2013-05-29 06:20:44'),(315,1848.84,158,76,'2013-05-29 06:20:44'),(316,766.70,158,75,'2013-05-29 06:20:44'),(317,3576.96,159,76,'2013-05-29 06:20:44'),(318,315.58,159,75,'2013-05-29 06:20:44'),(319,3748.56,160,76,'2013-05-29 06:20:44'),(320,524.46,160,75,'2013-05-29 06:20:44'),(321,299.68,161,78,'2013-05-29 07:59:43'),(322,650.12,161,77,'2013-05-29 07:59:43'),(323,784.42,162,78,'2013-05-29 07:59:43'),(324,587.76,162,77,'2013-05-29 07:59:43'),(325,553.48,163,78,'2013-05-29 07:59:43'),(326,605.02,163,77,'2013-05-29 07:59:43'),(327,280.68,164,78,'2013-05-29 07:59:43'),(328,408.56,164,77,'2013-05-29 07:59:43'),(329,284.12,165,78,'2013-05-29 07:59:43'),(330,605.48,165,77,'2013-05-29 07:59:43'),(331,477.52,166,78,'2013-05-29 07:59:43'),(332,211.82,166,77,'2013-05-29 07:59:43'),(333,561.58,167,78,'2013-05-29 07:59:43'),(334,773.92,167,77,'2013-05-29 07:59:43'),(335,243.80,168,78,'2013-05-29 07:59:43'),(336,561.44,168,77,'2013-05-29 07:59:43'),(337,380.66,169,78,'2013-05-29 07:59:43'),(338,658.42,169,77,'2013-05-29 07:59:43'),(339,435.66,170,78,'2013-05-29 07:59:43'),(340,649.76,170,77,'2013-05-29 07:59:43'),(341,NULL,63,69,'2013-05-29 08:26:35'),(342,NULL,63,68,'2013-05-29 08:26:35'),(343,234.00,64,69,'2013-05-29 08:31:03'),(344,23.00,64,68,'2013-05-29 08:31:03'),(345,234.00,65,69,'2013-05-29 08:31:46'),(346,23.00,65,68,'2013-05-29 08:31:46'),(347,234.00,66,69,'2013-05-29 08:31:50'),(348,23.00,66,68,'2013-05-29 08:31:50'),(349,60.00,67,69,'2013-05-29 08:32:53'),(350,60.00,67,68,'2013-05-29 08:32:53'),(351,60.00,68,69,'2013-05-29 08:33:26'),(352,62.00,68,68,'2013-05-29 08:33:26'),(353,60.00,69,69,'2013-05-29 08:33:57'),(354,67.40,69,68,'2013-05-29 08:33:57'),(355,650.40,70,69,'2013-05-29 08:36:12'),(356,23.00,70,68,'2013-05-29 08:36:12'),(357,650.40,71,69,'2013-05-29 08:36:18'),(358,23.40,71,68,'2013-05-29 08:36:18'),(359,12321.00,72,69,'2013-05-29 08:40:03'),(360,200.00,72,68,'2013-05-29 08:40:03'),(361,12321.00,73,69,'2013-05-29 08:40:13'),(362,200.00,73,68,'2013-05-29 08:40:13'),(363,12321.00,74,69,'2013-05-29 08:41:43'),(364,40.00,74,68,'2013-05-29 08:41:43'),(365,12321.00,75,69,'2013-05-29 08:42:25'),(366,40.34,75,68,'2013-05-29 08:42:25'),(367,662.66,171,80,'2013-05-29 13:52:31'),(368,709.18,171,79,'2013-05-29 13:52:31'),(369,226.68,172,80,'2013-05-29 13:52:31'),(370,735.74,172,79,'2013-05-29 13:52:31'),(371,374.96,173,80,'2013-05-29 13:52:31'),(372,784.56,173,79,'2013-05-29 13:52:31'),(373,522.34,174,80,'2013-05-29 13:52:31'),(374,352.00,174,79,'2013-05-29 13:52:31'),(375,509.10,175,80,'2013-05-29 13:52:31'),(376,765.62,175,79,'2013-05-29 13:52:31'),(377,487.90,176,80,'2013-05-29 13:52:31'),(378,633.64,176,79,'2013-05-29 13:52:31'),(379,624.38,177,80,'2013-05-29 13:52:31'),(380,339.62,177,79,'2013-05-29 13:52:31'),(381,496.54,178,80,'2013-05-29 13:52:31'),(382,375.30,178,79,'2013-05-29 13:52:31'),(383,405.86,179,80,'2013-05-29 13:52:31'),(384,311.50,179,79,'2013-05-29 13:52:31'),(385,540.20,180,80,'2013-05-29 13:52:31'),(386,434.90,180,79,'2013-05-29 13:52:31');
/*!40000 ALTER TABLE `itemorcamento` ENABLE KEYS */;
UNLOCK TABLES;

--
-- Table structure for table `leilao`
--

DROP TABLE IF EXISTS `leilao`;
/*!40101 SET @saved_cs_client     = @@character_set_client */;
/*!40101 SET character_set_client = utf8 */;
CREATE TABLE `leilao` (
  `leilao_numero` int(11) NOT NULL AUTO_INCREMENT,
  `leilao_inicio` datetime DEFAULT NULL,
  `leilao_fim` datetime DEFAULT NULL,
  `leilao_fimestimado` datetime DEFAULT NULL,
  `leilao_emails` longtext,
  `leilao_pagamento` varchar(100) DEFAULT NULL,
  PRIMARY KEY (`leilao_numero`)
) ENGINE=InnoDB AUTO_INCREMENT=46 DEFAULT CHARSET=latin1;
/*!40101 SET character_set_client = @saved_cs_client */;

--
-- Dumping data for table `leilao`
--

LOCK TABLES `leilao` WRITE;
/*!40000 ALTER TABLE `leilao` DISABLE KEYS */;
INSERT INTO `leilao` VALUES (1,'2013-05-27 00:04:42','0000-00-00 00:00:00','0000-00-00 00:00:00',NULL,NULL),(2,'2013-05-27 00:05:29','0000-00-00 00:00:00','0000-00-00 00:00:00',NULL,NULL),(3,'2013-05-26 21:08:21',NULL,NULL,NULL,NULL),(4,'2013-05-26 21:11:45',NULL,NULL,NULL,NULL),(5,'2013-05-26 21:13:35',NULL,NULL,NULL,NULL),(6,'2013-05-26 21:19:16',NULL,NULL,NULL,NULL),(7,'2013-05-27 00:21:08','0000-00-00 00:00:00','0000-00-00 00:00:00','',NULL),(8,'2013-05-27 00:23:26','0000-00-00 00:00:00','0000-00-00 00:00:00','asdfaf',NULL),(9,'2013-05-27 00:24:00','0000-00-00 00:00:00','0000-00-00 00:00:00','dfaf',NULL),(10,'2013-05-27 03:26:40','0000-00-00 00:00:00','0000-00-00 00:00:00','ASDFSDAF',''),(11,'2013-05-27 00:36:17','0000-00-00 00:00:00','0000-00-00 00:00:00','asdfasfd',''),(12,'2013-05-26 21:56:26','0000-00-00 00:00:00','0000-00-00 00:00:00','parcelado 22',''),(13,'2013-05-26 22:00:24','0000-00-00 00:00:00','0000-00-00 00:00:00','sdafsda',''),(14,'2013-05-27 01:17:08','0000-00-00 00:00:00','0000-00-00 00:00:00','keviocastro@gmail.com',''),(15,'2013-05-26 22:45:03',NULL,'2013-05-27 22:45:03',NULL,NULL),(16,'2013-05-26 22:46:40',NULL,NULL,NULL,NULL),(17,'2013-05-27 01:49:38','0000-00-00 00:00:00','0000-00-00 00:00:00','keviocastro@gmail.com',''),(18,'2013-05-26 23:15:00',NULL,NULL,NULL,NULL),(19,'2013-05-26 23:16:54',NULL,NULL,NULL,NULL),(20,'2013-05-26 23:38:02',NULL,NULL,NULL,NULL),(21,'2013-05-26 23:41:14',NULL,NULL,NULL,NULL),(22,'2013-05-26 23:43:38',NULL,NULL,NULL,NULL),(23,'2013-05-26 23:46:07',NULL,NULL,NULL,NULL),(24,'2013-05-27 00:09:47',NULL,NULL,NULL,NULL),(25,'2013-05-27 00:30:35',NULL,NULL,NULL,NULL),(26,'2013-05-27 00:31:03',NULL,NULL,NULL,NULL),(27,'2013-05-28 15:11:29',NULL,'2013-05-29 15:11:29',NULL,NULL),(28,'2013-05-28 18:15:08','0000-00-00 00:00:00','0000-00-00 00:00:00','keviocastro@gmail.com',''),(29,'2013-05-28 18:29:38','0000-00-00 00:00:00','0000-00-00 00:00:00','asdfasf',''),(30,'2013-05-28 19:11:57','0000-00-00 00:00:00','0000-00-00 00:00:00','aasdfasdf',''),(31,'2013-05-28 16:24:16',NULL,NULL,NULL,NULL),(32,'2013-05-28 19:34:07','0000-00-00 00:00:00','0000-00-00 00:00:00','asdfa',''),(33,'2013-05-29 08:16:03','0000-00-00 00:00:00','0000-00-00 00:00:00','dADsaASD',''),(34,'2013-05-29 08:16:44','0000-00-00 00:00:00','0000-00-00 00:00:00','keviocastro@gmial.com,kevio@logoseducacao.com.br',''),(35,'2013-05-29 08:46:40','0000-00-00 00:00:00','0000-00-00 00:00:00','keviocastro@gmail.com',''),(36,'2013-05-29 05:48:33',NULL,NULL,NULL,NULL),(37,'2013-05-29 06:05:57',NULL,NULL,NULL,NULL),(38,'2013-05-29 06:06:54',NULL,NULL,NULL,NULL),(39,'2013-05-29 06:10:05',NULL,NULL,NULL,NULL),(40,'2013-05-29 06:10:52',NULL,NULL,NULL,NULL),(41,'2013-05-29 09:12:06','0000-00-00 00:00:00','0000-00-00 00:00:00','kevicoastro@gmail.com',''),(42,'2013-05-29 09:17:53','0000-00-00 00:00:00','0000-00-00 00:00:00','keviocastro@gmail.com',''),(43,'2013-05-29 09:20:36','0000-00-00 00:00:00','0000-00-00 00:00:00','keviocastro@gmail.com',''),(44,'2013-05-29 10:59:38','0000-00-00 00:00:00','0000-00-00 00:00:00','sdfaf',''),(45,'2013-05-29 16:52:23','0000-00-00 00:00:00','0000-00-00 00:00:00','sdfsdfsfdfsd','');
/*!40000 ALTER TABLE `leilao` ENABLE KEYS */;
UNLOCK TABLES;

--
-- Table structure for table `orcamento`
--

DROP TABLE IF EXISTS `orcamento`;
/*!40101 SET @saved_cs_client     = @@character_set_client */;
/*!40101 SET character_set_client = utf8 */;
CREATE TABLE `orcamento` (
  `orcamento_numero` int(11) NOT NULL AUTO_INCREMENT,
  `orcamento_data` datetime DEFAULT NULL,
  PRIMARY KEY (`orcamento_numero`)
) ENGINE=InnoDB AUTO_INCREMENT=76 DEFAULT CHARSET=latin1;
/*!40101 SET character_set_client = @saved_cs_client */;

--
-- Dumping data for table `orcamento`
--

LOCK TABLES `orcamento` WRITE;
/*!40000 ALTER TABLE `orcamento` DISABLE KEYS */;
INSERT INTO `orcamento` VALUES (1,'2013-05-29 07:51:05'),(2,'2013-05-29 07:51:15'),(3,'2013-05-29 07:51:59'),(4,'2013-05-29 07:52:00'),(5,'2013-05-29 07:52:25'),(6,'2013-05-29 07:52:27'),(7,'2013-05-29 07:52:28'),(8,'2013-05-29 07:52:28'),(9,'2013-05-29 07:52:40'),(10,'2013-05-29 07:52:49'),(11,'2013-05-29 07:52:53'),(12,'2013-05-29 07:52:54'),(13,'2013-05-29 07:52:54'),(14,'2013-05-29 07:52:54'),(15,'2013-05-29 07:52:54'),(16,'2013-05-29 07:53:03'),(17,'2013-05-29 07:53:03'),(18,'2013-05-29 07:53:07'),(19,'2013-05-29 07:53:28'),(20,'2013-05-29 07:53:39'),(21,'2013-05-29 07:53:50'),(22,'2013-05-29 07:53:54'),(23,'2013-05-29 07:54:17'),(24,'2013-05-29 07:54:45'),(25,'2013-05-29 07:55:04'),(26,'2013-05-29 07:55:43'),(27,'2013-05-29 07:58:11'),(28,'2013-05-29 07:58:24'),(29,'2013-05-29 07:58:36'),(30,'2013-05-29 07:58:37'),(31,'2013-05-29 07:58:37'),(32,'2013-05-29 07:58:37'),(33,'2013-05-29 07:58:37'),(34,'2013-05-29 07:58:46'),(35,'2013-05-29 07:58:46'),(36,'2013-05-29 07:58:46'),(37,'2013-05-29 07:58:48'),(38,'2013-05-29 07:58:51'),(39,'2013-05-29 07:58:51'),(40,'2013-05-29 07:58:52'),(41,'2013-05-29 07:58:52'),(42,'2013-05-29 07:59:22'),(43,'2013-05-29 07:59:24'),(44,'2013-05-29 07:59:24'),(45,'2013-05-29 07:59:24'),(46,'2013-05-29 07:59:24'),(47,'2013-05-29 07:59:58'),(48,'2013-05-29 08:00:09'),(49,'2013-05-29 08:00:10'),(50,'2013-05-29 08:00:10'),(51,'2013-05-29 08:01:22'),(52,'2013-05-29 08:01:38'),(53,'2013-05-29 08:01:49'),(54,'2013-05-29 08:02:26'),(55,'2013-05-29 08:03:58'),(56,'2013-05-29 08:05:01'),(57,'2013-05-29 08:06:04'),(58,'2013-05-29 08:08:59'),(59,'2013-05-29 08:10:10'),(60,'2013-05-29 08:10:41'),(61,'2013-05-29 08:12:28'),(62,'2013-05-29 08:15:37'),(63,'2013-05-29 08:26:35'),(64,'2013-05-29 08:31:03'),(65,'2013-05-29 08:31:46'),(66,'2013-05-29 08:31:50'),(67,'2013-05-29 08:32:53'),(68,'2013-05-29 08:33:26'),(69,'2013-05-29 08:33:57'),(70,'2013-05-29 08:36:12'),(71,'2013-05-29 08:36:18'),(72,'2013-05-29 08:40:03'),(73,'2013-05-29 08:40:13'),(74,'2013-05-29 08:41:43'),(75,'2013-05-29 08:42:25');
/*!40000 ALTER TABLE `orcamento` ENABLE KEYS */;
UNLOCK TABLES;
/*!40103 SET TIME_ZONE=@OLD_TIME_ZONE */;

/*!40101 SET SQL_MODE=@OLD_SQL_MODE */;
/*!40014 SET FOREIGN_KEY_CHECKS=@OLD_FOREIGN_KEY_CHECKS */;
/*!40014 SET UNIQUE_CHECKS=@OLD_UNIQUE_CHECKS */;
/*!40101 SET CHARACTER_SET_CLIENT=@OLD_CHARACTER_SET_CLIENT */;
/*!40101 SET CHARACTER_SET_RESULTS=@OLD_CHARACTER_SET_RESULTS */;
/*!40101 SET COLLATION_CONNECTION=@OLD_COLLATION_CONNECTION */;
/*!40111 SET SQL_NOTES=@OLD_SQL_NOTES */;

-- Dump completed on 2013-05-30  9:23:29
